<?xml version="1.0" encoding="UTF-8"?><?xml-stylesheet type='text/xsl' href='_UpgradeReport_Files/UpgradeReport.xslt'?><UpgradeLog>
<Properties><Property Name="Solution" Value="rajz">
</Property><Property Name="Solution File" Value="D:\Csp\rajz\rajz.sln">
</Property><Property Name="User Options File" Value="D:\Csp\rajz\rajz.suo">
</Property><Property Name="Date" Value="2009. december 31.">
</Property><Property Name="Time" Value="15:28">
</Property></Properties><Event ErrorLevel="0" Project="" Source="rajz.sln" Description="File successfully backed up as D:\Csp\rajz\Backup\rajz.sln">
</Event><Event ErrorLevel="0" Project="" Source="rajz.suo" Description="File successfully backed up as D:\Csp\rajz\Backup\rajz.suo">
</Event><Event ErrorLevel="0" Project="rajz" Source="rajz\rajz.csproj" Description="Project file successfully backed up as D:\Csp\rajz\Backup\rajz\rajz.csproj">
</Event><Event ErrorLevel="0" Project="rajz" Source="rajz\Form1.cs" Description="File successfully backed up as D:\Csp\rajz\Backup\rajz\Form1.cs">
</Event><Event ErrorLevel="0" Project="rajz" Source="rajz\Form1.Designer.cs" Description="File successfully backed up as D:\Csp\rajz\Backup\rajz\Form1.Designer.cs">
</Event><Event ErrorLevel="0" Project="rajz" Source="rajz\Program.cs" Description="File successfully backed up as D:\Csp\rajz\Backup\rajz\Program.cs">
</Event><Event ErrorLevel="0" Project="rajz" Source="rajz\Properties\AssemblyInfo.cs" Description="File successfully backed up as D:\Csp\rajz\Backup\rajz\Properties\AssemblyInfo.cs">
</Event><Event ErrorLevel="0" Project="rajz" Source="rajz\Properties\Resources.Designer.cs" Description="File successfully backed up as D:\Csp\rajz\Backup\rajz\Properties\Resources.Designer.cs">
</Event><Event ErrorLevel="0" Project="rajz" Source="rajz\Properties\Settings.Designer.cs" Description="File successfully backed up as D:\Csp\rajz\Backup\rajz\Properties\Settings.Designer.cs">
</Event><Event ErrorLevel="0" Project="rajz" Source="rajz\Properties\Settings.settings" Description="File successfully backed up as D:\Csp\rajz\Backup\rajz\Properties\Settings.settings">
</Event><Event ErrorLevel="0" Project="rajz" Source="rajz\Form1.resx" Description="File successfully backed up as D:\Csp\rajz\Backup\rajz\Form1.resx">
</Event><Event ErrorLevel="0" Project="rajz" Source="rajz\Properties\Resources.resx" Description="File successfully backed up as D:\Csp\rajz\Backup\rajz\Properties\Resources.resx">
</Event><Event ErrorLevel="0" Project="rajz" Source="rajz\rajz.csproj" Description="Project converted successfully">
</Event><Event ErrorLevel="3" Project="rajz" Source="rajz\rajz.csproj" Description="Converted">
</Event><Event ErrorLevel="0" Project="" Source="rajz.sln" Description="Solution converted successfully">
</Event><Event ErrorLevel="3" Project="" Source="rajz.sln" Description="Converted">
</Event><Event ErrorLevel="0" Project="rajz" Source="rajz\rajz.csproj" Description="Scan complete: Upgrade not required for project files.">
</Event></UpgradeLog>