<?xml version="1.0" encoding="UTF-8"?><?xml-stylesheet type='text/xsl' href='_UpgradeReport_Files/UpgradeReport.xslt'?><UpgradeLog>
<Properties><Property Name="Solution" Value="pattog">
</Property><Property Name="Solution File" Value="D:\Csp\pattog\pattog.sln">
</Property><Property Name="User Options File" Value="D:\Csp\pattog\pattog.suo">
</Property><Property Name="Date" Value="2009. december 31.">
</Property><Property Name="Time" Value="12:52">
</Property></Properties><Event ErrorLevel="0" Project="" Source="pattog.sln" Description="File successfully backed up as D:\Csp\pattog\Backup\pattog.sln">
</Event><Event ErrorLevel="0" Project="" Source="pattog.suo" Description="File successfully backed up as D:\Csp\pattog\Backup\pattog.suo">
</Event><Event ErrorLevel="0" Project="pattog" Source="pattog\pattog.csproj" Description="Project file successfully backed up as D:\Csp\pattog\Backup\pattog\pattog.csproj">
</Event><Event ErrorLevel="0" Project="pattog" Source="pattog\Form1.cs" Description="File successfully backed up as D:\Csp\pattog\Backup\pattog\Form1.cs">
</Event><Event ErrorLevel="0" Project="pattog" Source="pattog\Form1.Designer.cs" Description="File successfully backed up as D:\Csp\pattog\Backup\pattog\Form1.Designer.cs">
</Event><Event ErrorLevel="0" Project="pattog" Source="pattog\Program.cs" Description="File successfully backed up as D:\Csp\pattog\Backup\pattog\Program.cs">
</Event><Event ErrorLevel="0" Project="pattog" Source="pattog\Properties\AssemblyInfo.cs" Description="File successfully backed up as D:\Csp\pattog\Backup\pattog\Properties\AssemblyInfo.cs">
</Event><Event ErrorLevel="0" Project="pattog" Source="pattog\Properties\Resources.Designer.cs" Description="File successfully backed up as D:\Csp\pattog\Backup\pattog\Properties\Resources.Designer.cs">
</Event><Event ErrorLevel="0" Project="pattog" Source="pattog\Properties\Settings.Designer.cs" Description="File successfully backed up as D:\Csp\pattog\Backup\pattog\Properties\Settings.Designer.cs">
</Event><Event ErrorLevel="0" Project="pattog" Source="pattog\Properties\Settings.settings" Description="File successfully backed up as D:\Csp\pattog\Backup\pattog\Properties\Settings.settings">
</Event><Event ErrorLevel="0" Project="pattog" Source="pattog\Form1.resx" Description="File successfully backed up as D:\Csp\pattog\Backup\pattog\Form1.resx">
</Event><Event ErrorLevel="0" Project="pattog" Source="pattog\Properties\Resources.resx" Description="File successfully backed up as D:\Csp\pattog\Backup\pattog\Properties\Resources.resx">
</Event><Event ErrorLevel="0" Project="pattog" Source="pattog\pattog.csproj" Description="Project converted successfully">
</Event><Event ErrorLevel="3" Project="pattog" Source="pattog\pattog.csproj" Description="Converted">
</Event><Event ErrorLevel="0" Project="" Source="pattog.sln" Description="Solution converted successfully">
</Event><Event ErrorLevel="3" Project="" Source="pattog.sln" Description="Converted">
</Event><Event ErrorLevel="0" Project="pattog" Source="pattog\pattog.csproj" Description="Scan complete: Upgrade not required for project files.">
</Event></UpgradeLog>