<?xml version="1.0" encoding="UTF-8"?><?xml-stylesheet type='text/xsl' href='_UpgradeReport_Files/UpgradeReport.xslt'?><UpgradeLog>
<Properties><Property Name="Solution" Value="prb1">
</Property><Property Name="Solution File" Value="D:\Csp\prb1\prb1.sln">
</Property><Property Name="User Options File" Value="D:\Csp\prb1\prb1.suo">
</Property><Property Name="Date" Value="2009. december 31.">
</Property><Property Name="Time" Value="13:42">
</Property></Properties><Event ErrorLevel="0" Project="" Source="prb1.sln" Description="File successfully backed up as D:\Csp\prb1\Backup\prb1.sln">
</Event><Event ErrorLevel="0" Project="" Source="prb1.suo" Description="File successfully backed up as D:\Csp\prb1\Backup\prb1.suo">
</Event><Event ErrorLevel="0" Project="prb1" Source="prb1\prb1.csproj" Description="Project file successfully backed up as D:\Csp\prb1\Backup\prb1\prb1.csproj">
</Event><Event ErrorLevel="0" Project="prb1" Source="prb1\Form1.cs" Description="File successfully backed up as D:\Csp\prb1\Backup\prb1\Form1.cs">
</Event><Event ErrorLevel="0" Project="prb1" Source="prb1\Form1.Designer.cs" Description="File successfully backed up as D:\Csp\prb1\Backup\prb1\Form1.Designer.cs">
</Event><Event ErrorLevel="0" Project="prb1" Source="prb1\Program.cs" Description="File successfully backed up as D:\Csp\prb1\Backup\prb1\Program.cs">
</Event><Event ErrorLevel="0" Project="prb1" Source="prb1\Properties\AssemblyInfo.cs" Description="File successfully backed up as D:\Csp\prb1\Backup\prb1\Properties\AssemblyInfo.cs">
</Event><Event ErrorLevel="0" Project="prb1" Source="prb1\Properties\Resources.Designer.cs" Description="File successfully backed up as D:\Csp\prb1\Backup\prb1\Properties\Resources.Designer.cs">
</Event><Event ErrorLevel="0" Project="prb1" Source="prb1\Properties\Settings.Designer.cs" Description="File successfully backed up as D:\Csp\prb1\Backup\prb1\Properties\Settings.Designer.cs">
</Event><Event ErrorLevel="0" Project="prb1" Source="prb1\Properties\Settings.settings" Description="File successfully backed up as D:\Csp\prb1\Backup\prb1\Properties\Settings.settings">
</Event><Event ErrorLevel="0" Project="prb1" Source="prb1\Form1.resx" Description="File successfully backed up as D:\Csp\prb1\Backup\prb1\Form1.resx">
</Event><Event ErrorLevel="0" Project="prb1" Source="prb1\Properties\Resources.resx" Description="File successfully backed up as D:\Csp\prb1\Backup\prb1\Properties\Resources.resx">
</Event><Event ErrorLevel="0" Project="prb1" Source="prb1\prb1.csproj" Description="Project converted successfully">
</Event><Event ErrorLevel="3" Project="prb1" Source="prb1\prb1.csproj" Description="Converted">
</Event><Event ErrorLevel="0" Project="" Source="prb1.sln" Description="Solution converted successfully">
</Event><Event ErrorLevel="3" Project="" Source="prb1.sln" Description="Converted">
</Event><Event ErrorLevel="0" Project="prb1" Source="prb1\prb1.csproj" Description="Scan complete: Upgrade not required for project files.">
</Event></UpgradeLog>